epoch,epoch_train_loss,epoch_loss_bce,epoch_loss_dice,lr
1,1.328388512134552,0.6987918019294739,0.6295967102050781,0.001
