epoch,epoch_train_loss,epoch_loss_bce,epoch_loss_dice,lr
1,1.2503831386566162,0.6258349120616913,0.6245482563972473,0.001
