epoch,epoch_train_loss,epoch_loss_bce,epoch_loss_dice,lr
1,1.250642478466034,0.6260626316070557,0.6245798468589783,0.001
