epoch,epoch_train_loss,epoch_loss_bce,epoch_loss_dice,lr
1,1.3251593112945557,0.6970116794109344,0.628147691488266,0.001
