epoch,epoch_train_loss,epoch_loss_bce,epoch_loss_dice,lr
1,1.3487785458564758,0.6955890655517578,0.6273349821567535,0.001
