epoch,epoch_train_loss,epoch_loss_bce,epoch_loss_dice,lr
1,1.286314606666565,0.6470974981784821,0.6392171084880829,0.001
