epoch,epoch_train_loss,epoch_loss_bce,epoch_loss_dice,lr
1,1.325191855430603,0.6970350742340088,0.6281567811965942,0.001
