epoch,epoch_train_loss,epoch_loss_bce,epoch_loss_dice,lr
1,1.3251524567604065,0.6970073878765106,0.6281450986862183,0.001
