epoch,epoch_train_loss,epoch_loss_bce,epoch_loss_dice,lr
1,1.312682569026947,0.6892547607421875,0.6234278380870819,0.0001
